plant_id,plant_lat,plant_lon,TZ,UTCOffset
3,31.0069,-88.0103,America/Chicago,-6
7,34.0128,-85.9708,America/Chicago,-6
8,33.6446,-87.2003,America/Chicago,-6
9,31.7569,-106.375,America/Denver,-7
10,32.6017,-87.7811,America/Chicago,-6
26,33.2442,-86.4567,America/Chicago,-6
47,34.7439,-87.8486,America/Chicago,-6
50,34.8825,-85.7547,America/Chicago,-6
51,32.0306,-93.5692,America/Chicago,-6
54,37.8824,-84.1025,America/New_York,-5
56,31.4858,-87.9106,America/Chicago,-6
59,40.8538,-98.3481,America/Chicago,-6
60,40.5806,-98.3106,America/Chicago,-6
87,35.4159,-108.082,America/Denver,-7
108,37.9306,-100.9725,America/Chicago,-6
113,34.9394,-110.3033,America/Phoenix,-7
116,33.4225,-111.9122,America/Phoenix,-7
117,33.4417,-112.1583,America/Phoenix,-7
118,32.5517,-111.3,America/Phoenix,-7
120,32.7214,-114.7097,America/Phoenix,-7
124,32.2511,-110.9889,America/Phoenix,-7
126,32.16,-110.9047,America/Phoenix,-7
127,34.0825,-99.1753,America/Chicago,-6
130,33.3692,-80.1119,America/New_York,-5
136,29.7333,-81.6339,America/New_York,-5
141,33.5542,-112.2161,America/Phoenix,-7
147,33.3544,-111.9364,America/Phoenix,-7
160,32.0619,-109.8931,America/Phoenix,-7
165,36.1906,-95.2889,America/Chicago,-6
167,34.7535,-92.1987,America/Chicago,-6
168,34.9806,-90.8722,America/Chicago,-6
169,33.3592,-93.4649,America/Chicago,-6
170,34.4341,-92.9046,America/Chicago,-6
173,34.4629,-90.5987,America/Chicago,-6
201,35.4617,-93.8053,America/Chicago,-6
202,35.2597,-91.3631,America/Chicago,-6
203,33.5648,-92.7917,America/Chicago,-6
207,30.4311,-81.5508,America/New_York,-5
228,38.0184,-121.761,America/Los_Angeles,-8
246,40.7415,-124.2103,America/Los_Angeles,-8
259,35.3747,-120.8578,America/Los_Angeles,-8
260,36.8042,-121.7775,America/Los_Angeles,-8
271,38.0392,-121.894,America/Los_Angeles,-8
273,37.7558,-122.3869,America/Los_Angeles,-8
298,31.4219,-96.2525,America/Chicago,-6
302,33.1408,-117.3342,America/Los_Angeles,-8
310,32.6131,-117.0964,America/Los_Angeles,-8
315,33.7688,-118.1009,America/Los_Angeles,-8
329,34.8622,-116.854,America/Los_Angeles,-8
330,33.9106,-118.425,America/Los_Angeles,-8
331,34.0911,-117.5256,America/Los_Angeles,-8
335,33.6436,-117.9788,America/Los_Angeles,-8
341,33.7641,-118.2248,America/Los_Angeles,-8
345,34.2072,-119.2511,America/Los_Angeles,-8
350,34.1292,-119.1689,America/Los_Angeles,-8
356,33.8504,-118.395,America/Los_Angeles,-8
358,34.0836,-117.2408,America/Los_Angeles,-8
377,34.1556,-118.2782,America/Los_Angeles,-8
384,41.4947,-88.125,America/Chicago,-6
389,32.8022,-115.54,America/Los_Angeles,-8
399,33.7691,-118.2662,America/Los_Angeles,-8
400,33.7639,-118.0942,America/Los_Angeles,-8
404,33.9175,-118.4258,America/Los_Angeles,-8
408,34.2481,-118.3903,America/Los_Angeles,-8
420,34.1263,-118.1494,America/Los_Angeles,-8
422,34.1256,-118.1474,America/Los_Angeles,-8
465,39.67,-105.0028,America/Denver,-7
468,39.1486,-108.3189,America/Denver,-7
469,39.8078,-104.9648,America/Denver,-7
470,38.2081,-104.5747,America/Denver,-7
477,40.0195,-105.202,America/Denver,-7
478,39.7369,-105.0169,America/Denver,-7
492,38.8244,-104.8331,America/Denver,-7
508,38.0921,-102.6148,America/Denver,-7
525,40.4856,-107.185,America/Denver,-7
527,38.2387,-108.5083,America/Denver,-7
533,31.4001,-86.4767,America/Chicago,-6
540,41.2925,-72.7942,America/New_York,-5
542,41.0289,-73.5989,America/New_York,-5
544,41.2083,-73.1092,America/New_York,-5
546,41.4281,-72.1019,America/New_York,-5
548,41.0732,-73.4098,America/New_York,-5
557,41.5553,-72.0419,America/New_York,-5
561,41.7994,-73.1156,America/New_York,-5
562,41.5544,-72.5793,America/New_York,-5
563,41.7495,-72.6524,America/New_York,-5
564,28.4836,-81.1686,America/New_York,-5
565,41.7761,-73.1219,America/New_York,-5
568,41.1706,-73.1843,America/New_York,-5
581,41.5269,-72.0631,America/New_York,-5
589,44.4917,-73.2081,America/New_York,-5
591,39.7302,-75.5371,America/New_York,-5
592,39.5959,-75.6324,America/New_York,-5
593,39.7372,-75.5033,America/New_York,-5
594,38.5857,-75.2341,America/New_York,-5
597,39.7283,-75.6289,America/New_York,-5
599,39.1748,-75.5455,America/New_York,-5
602,39.1792,-76.5383,America/New_York,-5
603,38.8994,-76.9592,America/New_York,-5
607,48.4553,-122.435,America/Los_Angeles,-8
609,28.4694,-80.7642,America/New_York,-5
610,25.6321,-80.2989,America/New_York,-5
612,26.6967,-81.7831,America/New_York,-5
613,26.0681,-80.1983,America/New_York,-5
617,26.0856,-80.1253,America/New_York,-5
619,26.7653,-80.0528,America/New_York,-5
620,28.8419,-81.3256,America/New_York,-5
621,25.4356,-80.3308,America/New_York,-5
624,27.5792,-81.4925,America/New_York,-5
627,27.7578,-82.6369,America/New_York,-5
628,28.9594,-82.7003,America/New_York,-5
629,28.8689,-81.2728,America/New_York,-5
630,28.0037,-82.6626,America/New_York,-5
634,27.8613,-82.6012,America/New_York,-5
638,30.3764,-83.1806,America/New_York,-5
641,30.5661,-87.2289,America/Chicago,-6
642,30.6689,-84.8869,America/Chicago,-6
643,30.2689,-85.7003,America/Chicago,-6
645,27.7944,-82.4036,America/New_York,-5
663,29.7586,-82.3883,America/New_York,-5
664,29.6467,-82.3219,America/New_York,-5
666,30.3644,-81.6236,America/New_York,-5
667,30.4172,-81.5525,America/New_York,-5
672,28.2908,-81.4069,America/New_York,-5
673,26.6125,-80.0678,America/New_York,-5
675,28.0491,-81.9238,America/New_York,-5
676,28.0809,-81.9256,America/New_York,-5
683,28.4933,-80.7825,America/New_York,-5
688,30.4522,-84.4,America/New_York,-5
689,30.1619,-84.2014,America/New_York,-5
693,27.6311,-80.3758,America/New_York,-5
703,34.1256,-84.9192,America/New_York,-5
708,34.2533,-85.3456,America/New_York,-5
709,33.1942,-83.2994,America/New_York,-5
710,33.8244,-84.475,America/New_York,-5
715,31.2125,-81.5458,America/New_York,-5
727,31.4444,-84.1322,America/New_York,-5
728,33.4622,-84.8986,America/New_York,-5
733,32.1486,-81.1458,America/New_York,-5
762,36.7205,-97.0868,America/Chicago,-6
856,40.5958,-89.6631,America/Chicago,-6
861,39.0586,-89.4031,America/Chicago,-6
862,37.6578,-89.5119,America/Chicago,-6
863,39.1333,-87.6597,America/Chicago,-6
864,39.8194,-90.5647,America/Chicago,-6
867,41.8278,-87.7236,America/Chicago,-6
874,41.4947,-88.125,America/Chicago,-6
876,39.5906,-89.4964,America/Chicago,-6
879,40.5408,-89.6786,America/Chicago,-6
883,42.3833,-87.8133,America/Chicago,-6
884,41.6334,-88.0626,America/Chicago,-6
886,41.8508,-87.6533,America/Chicago,-6
887,37.2103,-88.8606,America/Chicago,-6
889,38.205,-89.855,America/Chicago,-6
891,40.2797,-90.0775,America/Chicago,-6
892,41.3017,-89.3136,America/Chicago,-6
897,40.1781,-87.7481,America/Chicago,-6
898,38.8639,-90.1325,America/Chicago,-6
913,38.6642,-90.1764,America/Chicago,-6
963,39.7539,-89.6011,America/Chicago,-6
976,37.6206,-88.955,America/Chicago,-6
981,41.7072,-87.5217,America/Chicago,-6
983,38.7383,-85.4192,America/Indiana/Indianapolis,-5
988,39.0831,-84.8581,America/New_York,-5
990,39.7119,-86.1975,America/Indiana/Indianapolis,-5
991,39.4851,-86.4176,America/Indiana/Indianapolis,-5
992,39.7622,-86.1667,America/Indiana/Indianapolis,-5
994,38.5267,-87.2525,America/Indiana/Petersburg,-5
995,41.6433,-87.1225,America/Chicago,-6
996,41.6394,-87.4069,America/Chicago,-6
997,41.7203,-86.9097,America/Chicago,-6
1001,39.9239,-87.4272,America/Indiana/Indianapolis,-5
1002,39.6561,-85.1758,America/Indiana/Indianapolis,-5
1004,38.8067,-87.2472,America/Indiana/Vincennes,-5
1007,40.0969,-85.9714,America/Indiana/Indianapolis,-5
1008,38.2636,-85.8381,America/Kentucky/Louisville,-5
1010,39.53,-87.4247,America/Indiana/Indianapolis,-5
1011,37.9694,-87.6044,America/Chicago,-6
1012,37.91,-87.3267,America/Chicago,-6
1016,35.0986,-78.8294,America/New_York,-5
1040,39.8028,-84.8953,America/Indiana/Indianapolis,-5
1043,38.5201,-87.2662,America/Indiana/Petersburg,-5
1046,42.506,-90.6527,America/Chicago,-6
1047,43.3359,-91.1672,America/Chicago,-6
1048,41.8081,-90.2345,America/Chicago,-6
1058,41.9839,-91.6686,America/Chicago,-6
1068,42.0474,-92.8594,America/Chicago,-6
1073,41.9439,-91.6386,America/Chicago,-6
1077,42.0472,-92.8627,America/Chicago,-6
1081,41.5404,-90.4483,America/Chicago,-6
1082,41.18,-95.8408,America/Chicago,-6
1091,42.3251,-96.3797,America/Chicago,-6
1104,40.7412,-91.1168,America/Chicago,-6
1105,40.7478,-92.8731,America/Chicago,-6
1122,42.0247,-93.6069,America/Chicago,-6
1131,42.5267,-92.4394,America/Chicago,-6
1167,41.3917,-91.0569,America/Chicago,-6
1175,41.3981,-92.9144,America/Chicago,-6
1206,41.1141,-94.3499,America/Chicago,-6
1217,43.1606,-95.2569,America/Chicago,-6
1218,41.4569,-90.8233,America/Chicago,-6
1230,37.1611,-100.7619,America/Chicago,-6
1233,37.7328,-99.9497,America/Chicago,-6
1235,38.41,-98.8689,America/Chicago,-6
1239,37.0719,-94.6986,America/Chicago,-6
1240,37.7903,-97.5217,America/Chicago,-6
1241,38.3472,-94.6389,America/Chicago,-6
1242,37.5956,-97.4131,America/Chicago,-6
1243,37.3062,-95.1118,America/Chicago,-6
1248,38.0906,-97.8747,America/Chicago,-6
1250,39.0072,-95.2692,America/Chicago,-6
1251,38.8831,-97.2014,America/Chicago,-6
1252,39.0522,-95.5669,America/Chicago,-6
1268,37.6953,-95.4586,America/Chicago,-6
1271,37.0456,-95.6076,America/Chicago,-6
1295,39.1486,-94.6405,America/Chicago,-6
1305,38.3461,-97.6761,America/Chicago,-6
1336,37.9703,-100.8956,America/Chicago,-6
1353,38.1707,-82.6176,America/New_York,-5
1355,37.7889,-84.7139,America/New_York,-5
1356,38.7497,-85.035,America/New_York,-5
1357,37.3636,-87.1214,America/Chicago,-6
1361,38.0478,-84.8483,America/New_York,-5
1363,38.1828,-85.8894,America/Kentucky/Louisville,-5
1364,38.0531,-85.91,America/Kentucky/Louisville,-5
1366,38.2147,-85.8453,America/Kentucky/Louisville,-5
1374,37.7958,-87.0597,America/Chicago,-6
1378,37.2608,-86.9783,America/Chicago,-6
1379,37.1517,-88.775,America/Chicago,-6
1381,37.9628,-86.7917,America/Chicago,-6
1382,37.6472,-87.5028,America/Chicago,-6
1383,37.6467,-87.5033,America/Chicago,-6
1384,37.0,-84.5917,America/New_York,-5
1385,37.8807,-84.2634,America/New_York,-5
1391,30.4903,-91.1875,America/Chicago,-6
1393,30.2861,-93.2917,America/Chicago,-6
1394,30.2743,-91.1164,America/Chicago,-6
1396,30.8442,-92.2606,America/Chicago,-6
1400,29.8223,-91.5427,America/Chicago,-6
1402,30.0033,-90.4611,America/Chicago,-6
1403,29.9472,-90.1458,America/Chicago,-6
1404,32.7047,-92.0792,America/Chicago,-6
1407,30.0158,-90.0258,America/Chicago,-6
1409,30.0081,-89.9372,America/Chicago,-6
1416,32.5181,-93.7611,America/Chicago,-6
1417,32.7047,-93.9597,America/Chicago,-6
1439,29.5808,-90.7222,America/Chicago,-6
1443,30.2368,-92.0476,America/Chicago,-6
1448,32.5278,-92.1278,America/Chicago,-6
1449,29.6916,-91.1887,America/Chicago,-6
1450,31.7705,-93.0952,America/Chicago,-6
1464,30.6736,-91.3525,America/Chicago,-6
1507,43.75,-70.1569,America/New_York,-5
1552,39.3269,-76.365,America/New_York,-5
1553,39.2661,-76.6042,America/New_York,-5
1554,39.1781,-76.5268,America/New_York,-5
1556,39.4422,-76.2208,America/New_York,-5
1559,39.2369,-76.5133,America/New_York,-5
1560,39.2719,-76.6186,America/New_York,-5
1564,38.4878,-75.8208,America/New_York,-5
1570,39.595,-77.8269,America/New_York,-5
1571,38.5444,-76.6861,America/New_York,-5
1572,39.2086,-77.4644,America/New_York,-5
1573,38.3592,-76.9767,America/New_York,-5
1586,42.2672,-71.3983,America/New_York,-5
1587,42.3406,-71.035,America/New_York,-5
1588,42.3917,-71.0667,America/New_York,-5
1592,42.1364,-71.4478,America/New_York,-5
1594,42.3636,-71.1161,America/New_York,-5
1595,42.3633,-71.0792,America/New_York,-5
1599,41.7694,-70.5097,America/New_York,-5
1606,42.2814,-72.6053,America/New_York,-5
1613,41.737,-71.146,America/New_York,-5
1619,41.7125,-71.1914,America/New_York,-5
1626,42.5267,-70.8792,America/New_York,-5
1631,42.4431,-73.2061,America/New_York,-5
1642,42.0956,-72.5958,America/New_York,-5
1643,42.3362,-73.2352,America/New_York,-5
1660,42.235,-70.9672,America/New_York,-5
1678,42.5428,-70.9236,America/New_York,-5
1682,41.8653,-71.1061,America/New_York,-5
1695,43.2542,-86.2417,America/Detroit,-5
1702,43.6425,-83.8431,America/Detroit,-5
1710,42.9103,-86.2036,America/Detroit,-5
1719,43.1568,-83.6285,America/Detroit,-5
1720,43.6425,-83.8431,America/Detroit,-5
1723,41.7917,-83.4486,America/Detroit,-5
1726,42.3597,-82.9611,America/Detroit,-5
1728,42.2947,-83.1019,America/Detroit,-5
1730,42.5497,-83.4425,America/Detroit,-5
1731,43.8519,-82.6436,America/Detroit,-5
1732,42.9258,-82.4606,America/Detroit,-5
1733,41.8917,-83.3461,America/Detroit,-5
1740,42.2733,-83.1131,America/Detroit,-5
1743,42.7642,-82.4719,America/Detroit,-5
1745,42.1236,-83.1811,America/Detroit,-5
1769,46.5789,-87.395,America/Detroit,-5
1822,42.3038,-83.0904,America/Detroit,-5
1825,43.0722,-86.2342,America/Detroit,-5
1830,42.7956,-86.1133,America/Detroit,-5
1831,42.7183,-84.5586,America/Detroit,-5
1832,42.6919,-84.6572,America/Detroit,-5
1843,46.5314,-87.3917,America/Detroit,-5
1866,42.2081,-83.1453,America/Detroit,-5
1888,43.6728,-94.7074,America/Chicago,-6
1891,47.5306,-92.1619,America/Chicago,-6
1893,47.2603,-93.6531,America/Chicago,-6
1897,46.7356,-92.1531,America/Chicago,-6
1904,44.8108,-93.2501,America/Chicago,-6
1912,44.9331,-93.1075,America/Chicago,-6
1913,44.781,-93.042,America/Chicago,-6
1915,45.03,-92.7786,America/Chicago,-6
1927,45.0203,-93.2753,America/Chicago,-6
1943,46.29,-96.0428,America/Chicago,-6
1961,43.7014,-92.9626,America/Chicago,-6
2001,44.3159,-94.4578,America/Chicago,-6
2008,44.0281,-92.4597,America/Chicago,-6
2038,45.601,-93.2081,America/Chicago,-6
2039,45.2958,-93.5542,America/Chicago,-6
2042,45.229,-94.0097,America/Chicago,-6
2047,30.34,-88.492,America/Chicago,-6
2048,32.2925,-88.7461,America/Chicago,-6
2049,30.4408,-89.0265,America/Chicago,-6
2050,32.2831,-90.9306,America/Chicago,-6
2051,33.7947,-90.7139,America/Chicago,-6
2052,31.5987,-91.3464,America/Chicago,-6
2053,32.3564,-90.2125,America/Chicago,-6
2070,31.5289,-89.2992,America/Chicago,-6
2076,37.3596,-94.5913,America/Chicago,-6
2079,39.1306,-94.4778,America/Chicago,-6
2080,38.3108,-93.9331,America/Chicago,-6
2081,39.1231,-94.5605,America/Chicago,-6
2082,38.5935,-92.2203,America/Chicago,-6
2092,38.7865,-94.2768,America/Chicago,-6
2094,39.1778,-94.1861,America/Chicago,-6
2096,37.2572,-89.5643,America/Chicago,-6
2098,39.7246,-94.8773,America/Chicago,-6
2102,38.6818,-90.5403,America/Chicago,-6
2103,38.5583,-90.8361,America/Chicago,-6
2104,38.4017,-90.3358,America/Chicago,-6
2107,38.9158,-90.2917,America/Chicago,-6
2122,39.784,-93.562,America/Chicago,-6
2123,38.9658,-92.3175,America/Chicago,-6
2131,39.0721,-93.721,America/Chicago,-6
2132,39.0919,-94.3261,America/Chicago,-6
2161,37.1086,-93.2592,America/Chicago,-6
2167,36.5147,-89.5617,America/Chicago,-6
2168,39.5531,-92.6392,America/Chicago,-6
2169,38.6853,-91.7556,America/Chicago,-6
2176,47.0539,-104.74,America/Denver,-7
2187,45.7747,-108.4803,America/Denver,-7
2226,40.6941,-99.7005,America/Chicago,-6
2240,41.4275,-96.4619,America/Chicago,-6
2241,40.9228,-98.3269,America/Chicago,-6
2250,40.8078,-96.7107,America/Chicago,-6
2265,40.5587,-96.7862,America/Chicago,-6
2266,40.1879,-97.5779,America/Chicago,-6
2271,40.2209,-100.6511,America/Chicago,-6
2277,40.5589,-96.7842,America/Chicago,-6
2290,41.2517,-95.9235,America/Chicago,-6
2291,41.3297,-95.9458,America/Chicago,-6
2292,41.1706,-95.9692,America/Chicago,-6
2322,36.0875,-115.0507,America/Los_Angeles,-8
2324,36.6531,-114.6364,America/Los_Angeles,-8
2326,36.1384,-115.036,America/Los_Angeles,-8
2330,39.1281,-119.1319,America/Los_Angeles,-8
2336,39.5625,-119.525,America/Los_Angeles,-8
2341,35.1458,-114.5917,America/Los_Angeles,-8
2362,44.5942,-71.4943,America/New_York,-5
2364,43.1411,-71.4692,America/New_York,-5
2367,43.0978,-70.7842,America/New_York,-5
2369,43.8478,-71.2069,America/New_York,-5
2378,39.29,-74.6339,America/New_York,-5
2379,39.4547,-75.2011,America/New_York,-5
2380,39.6893,-74.2618,America/New_York,-5
2382,39.0267,-74.8769,America/New_York,-5
2383,39.3628,-74.4428,America/New_York,-5
2384,39.6747,-75.5015,America/New_York,-5
2385,40.4906,-74.2814,America/New_York,-5
2390,40.4753,-74.3552,America/New_York,-5
2393,40.5661,-75.165,America/New_York,-5
2398,40.8375,-74.0244,America/New_York,-5
2399,40.0753,-74.8781,America/New_York,-5
2400,40.4911,-74.3958,America/New_York,-5
2401,40.7375,-74.1211,America/New_York,-5
2403,40.7478,-74.0719,America/New_York,-5
2404,40.7375,-74.1,America/New_York,-5
2406,40.6225,-74.2097,America/New_York,-5
2408,40.1797,-74.7325,America/New_York,-5
2409,39.8617,-75.1836,America/New_York,-5
2410,39.4625,-75.5333,America/New_York,-5
2411,40.5564,-74.2461,America/New_York,-5
2434,39.4889,-75.0347,America/New_York,-5
2440,34.8456,-80.8942,America/New_York,-5
2442,36.69,-108.4814,America/Denver,-7
2444,31.8047,-106.5472,America/Denver,-7
2446,32.7131,-103.31,America/Denver,-7
2450,35.1716,-106.6019,America/Denver,-7
2451,36.8006,-108.4386,America/Denver,-7
2454,32.7131,-103.3533,America/Denver,-7
2480,41.573,-73.9646,America/New_York,-5
2490,40.5915,-74.2027,America/New_York,-5
2491,40.7903,-73.9111,America/New_York,-5
2493,40.7281,-73.9742,America/New_York,-5
2494,40.6635,-74.0051,America/New_York,-5
2496,40.7052,-73.9807,America/New_York,-5
2499,40.6486,-74.0209,America/New_York,-5
2500,40.7585,-73.9451,America/New_York,-5
2503,40.7711,-73.9911,America/New_York,-5
2504,40.768,-73.9515,America/New_York,-5
2511,40.6169,-73.6486,America/New_York,-5
2512,40.9619,-72.2095,America/New_York,-5
2513,40.6111,-73.7611,America/New_York,-5
2514,40.8269,-73.6479,America/New_York,-5
2516,40.9231,-73.3417,America/New_York,-5
2517,40.9503,-73.0786,America/New_York,-5
2521,40.6953,-73.3497,America/New_York,-5
2526,42.1117,-75.9747,America/New_York,-5
2527,42.6789,-76.9483,America/New_York,-5
2535,42.6028,-76.6336,America/New_York,-5
2539,42.5905,-73.7636,America/New_York,-5
2549,42.97,-78.93,America/New_York,-5
2554,42.49,-79.35,America/New_York,-5
2594,43.46,-76.53,America/New_York,-5
2625,41.2044,-73.9689,America/New_York,-5
2628,41.1269,-74.1653,America/New_York,-5
2632,41.4278,-74.4186,America/New_York,-5
2679,40.6447,-73.5683,America/New_York,-5
2682,42.0917,-79.2417,America/New_York,-5
2706,35.4714,-82.5431,America/New_York,-5
2707,34.9815,-79.8771,America/New_York,-5
2708,35.595,-79.0492,America/New_York,-5
2709,35.3775,-78.0875,America/New_York,-5
2712,36.4833,-79.0731,America/New_York,-5
2713,34.2824,-77.9864,America/New_York,-5
2716,34.5889,-78.975,America/New_York,-5
2718,35.1897,-81.0122,America/New_York,-5
2720,35.7133,-80.3767,America/New_York,-5
2721,35.22,-81.7594,America/New_York,-5
2723,36.4862,-79.7208,America/New_York,-5
2727,35.5975,-80.9658,America/New_York,-5
2732,35.36,-80.9742,America/New_York,-5
2790,46.8669,-100.8839,America/North_Dakota/New_Salem,-6
2817,47.2819,-101.3194,America/North_Dakota/Beulah,-6
2823,47.0664,-101.2139,America/North_Dakota/Center,-6
2824,47.2872,-101.3314,America/North_Dakota/Beulah,-6
2828,40.2522,-80.6486,America/New_York,-5
2830,38.9917,-84.2981,America/New_York,-5
2831,39.465,-84.3775,America/New_York,-5
2832,39.1131,-84.8031,America/New_York,-5
2835,41.9086,-80.7697,America/New_York,-5
2836,41.5042,-82.05,America/New_York,-5
2837,41.6713,-81.4432,America/New_York,-5
2838,41.5356,-81.6419,America/New_York,-5
2840,40.1842,-81.8811,America/New_York,-5
2843,39.7933,-83.0097,America/New_York,-5
2847,39.7281,-84.2103,America/New_York,-5
2848,39.6094,-84.2931,America/New_York,-5
2850,38.6361,-83.6939,America/New_York,-5
2857,41.47,-82.1853,America/New_York,-5
2860,39.9239,-83.8508,America/New_York,-5
2861,41.1667,-80.75,America/New_York,-5
2864,39.9094,-80.7608,America/New_York,-5
2866,40.5308,-80.6311,America/New_York,-5
2869,41.4297,-82.2633,America/New_York,-5
2872,39.5908,-81.6797,America/New_York,-5
2876,38.9161,-82.1281,America/New_York,-5
2878,41.6925,-83.4375,America/New_York,-5
2880,41.3033,-84.3386,America/New_York,-5
2917,39.4099,-84.5544,America/New_York,-5
2951,35.5089,-97.1789,America/Chicago,-6
2952,35.7617,-95.2847,America/Chicago,-6
2953,35.4711,-97.6733,America/Chicago,-6
2956,34.9678,-96.7242,America/Chicago,-6
2963,36.4317,-95.7008,America/Chicago,-6
2964,35.1009,-98.3524,America/Chicago,-6
2965,36.1125,-95.9917,America/Chicago,-6
2966,35.3233,-96.1352,America/Chicago,-6
3006,35.0847,-98.23,America/Chicago,-6
3008,36.4375,-99.2208,America/Chicago,-6
3096,40.4638,-80.044,America/New_York,-5
3098,40.2525,-79.9183,America/New_York,-5
3111,40.1219,-77.1761,America/New_York,-5
3113,40.91,-75.0789,America/New_York,-5
3115,40.3061,-75.9081,America/New_York,-5
3116,39.7636,-76.6345,America/New_York,-5
3118,40.3842,-79.0611,America/New_York,-5
3122,40.511,-79.1968,America/New_York,-5
3130,40.4081,-79.0339,America/New_York,-5
3131,41.067,-78.3656,America/New_York,-5
3132,41.8358,-79.19,America/New_York,-5
3136,40.6604,-79.3411,America/New_York,-5
3138,40.9378,-80.3681,America/New_York,-5
3140,40.097,-76.6962,America/New_York,-5
3148,40.796,-75.107,America/New_York,-5
3149,41.0714,-76.6672,America/New_York,-5
3152,40.8361,-76.825,America/New_York,-5
3159,40.1514,-75.5306,America/New_York,-5
3160,39.9678,-75.1244,America/New_York,-5
3161,39.858,-75.323,America/New_York,-5
3162,40.1778,-74.7894,America/New_York,-5
3163,40.2352,-75.6193,America/New_York,-5
3168,39.9853,-75.0733,America/New_York,-5
3169,39.9425,-75.1883,America/New_York,-5
3176,41.2033,-76.0683,America/New_York,-5
3178,40.9289,-79.4658,America/New_York,-5
3179,39.8562,-79.9274,America/New_York,-5
3181,40.2207,-79.9682,America/New_York,-5
3236,41.8167,-71.4042,America/New_York,-5
3250,34.4185,-80.1657,America/New_York,-5
3251,34.4017,-80.1589,America/New_York,-5
3254,34.1772,-81.9222,America/New_York,-5
3264,34.6022,-82.435,America/New_York,-5
3280,33.0647,-80.6228,America/New_York,-5
3285,32.8265,-79.9634,America/New_York,-5
3287,34.0533,-81.2178,America/New_York,-5
3295,33.435,-81.9111,America/New_York,-5
3297,33.8264,-80.6218,America/New_York,-5
3298,33.0163,-79.9285,America/New_York,-5
3317,33.8253,-79.0528,America/New_York,-5
3318,32.2089,-80.6994,America/New_York,-5
3319,33.2422,-79.9875,America/New_York,-5
3320,33.7089,-78.9233,America/New_York,-5
3338,45.4287,-98.4932,America/Chicago,-6
3344,44.3696,-98.17,America/Chicago,-6
3393,35.0742,-90.1439,America/Chicago,-6
3396,36.0211,-84.1567,America/New_York,-5
3399,36.3903,-87.6539,America/Chicago,-6
3403,36.3156,-86.4006,America/Chicago,-6
3405,36.3767,-82.9639,America/New_York,-5
3406,36.0278,-87.9861,America/Chicago,-6
3407,35.8992,-84.5194,America/New_York,-5
3439,27.5667,-99.5083,America/Chicago,-6
3441,27.8182,-97.4189,America/Chicago,-6
3443,28.7883,-97.01,America/Chicago,-6
3452,32.8364,-96.5464,America/Chicago,-6
3453,32.7253,-96.9361,America/Chicago,-6
3456,31.9858,-106.4322,America/Denver,-7
3457,30.4364,-95.5215,America/Chicago,-6
3459,30.0242,-93.875,America/Chicago,-6
3460,29.7483,-94.9272,America/Chicago,-6
3464,29.8208,-95.2194,America/Chicago,-6
3466,29.4853,-94.9814,America/Chicago,-6
3468,29.7268,-95.06,America/Chicago,-6
3469,29.9414,-95.5333,America/Chicago,-6
3470,29.4783,-95.6358,America/Chicago,-6
3476,32.3766,-94.6415,America/Chicago,-6
3477,32.9217,-94.7158,America/Chicago,-6
3478,32.8486,-94.5469,America/Chicago,-6
3482,33.5239,-101.7392,America/Chicago,-6
3483,35.9667,-101.865,America/Chicago,-6
3484,35.2825,-101.7458,America/Chicago,-6
3485,34.1661,-102.4114,America/Chicago,-6
3489,32.9056,-97.4792,America/Chicago,-6
3490,33.135,-98.6117,America/Chicago,-6
3491,32.7278,-97.2186,America/Chicago,-6
3492,32.3358,-100.9158,America/Chicago,-6
3494,31.5839,-102.9636,America/Chicago,-6
3497,31.8206,-96.0561,America/Chicago,-6
3500,33.1992,-96.8133,America/Chicago,-6
3502,31.4647,-96.985,America/Chicago,-6
3504,31.9381,-94.9883,America/Chicago,-6
3506,31.5733,-96.9642,America/Chicago,-6
3507,32.1264,-96.1014,America/Chicago,-6
3508,33.6281,-96.3678,America/Chicago,-6
3548,30.3036,-97.6128,America/Chicago,-6
3559,25.9131,-97.5214,America/Chicago,-6
3561,30.6469,-96.3725,America/Chicago,-6
3574,32.9125,-96.6231,America/Chicago,-6
3576,33.0667,-96.4519,America/Chicago,-6
3601,30.1456,-97.2708,America/Chicago,-6
3602,33.5211,-101.7906,America/Chicago,-6
3604,33.6039,-101.8408,America/Chicago,-6
3609,29.3511,-98.5753,America/Chicago,-6
3611,29.3078,-98.3244,America/Chicago,-6
3612,29.2575,-98.3828,America/Chicago,-6
3613,29.53,-98.4183,America/Chicago,-6
3627,32.7783,-97.6956,America/Chicago,-6
3628,32.6581,-98.3103,America/Chicago,-6
3631,28.8947,-97.1347,America/Chicago,-6
3644,39.7272,-110.8644,America/Denver,-7
3648,40.7686,-111.9289,America/Denver,-7
3734,44.2498,-72.6035,America/New_York,-5
3754,44.4817,-73.2241,America/New_York,-5
3775,36.9333,-82.1997,America/New_York,-5
3776,37.3704,-80.8639,America/New_York,-5
3785,37.7061,-75.7031,America/New_York,-5
3788,38.8203,-77.0411,America/New_York,-5
3796,37.7089,-78.2878,America/New_York,-5
3797,37.3822,-77.3833,America/New_York,-5
3803,36.7711,-76.3019,America/New_York,-5
3804,38.5367,-77.2806,America/New_York,-5
3809,37.2144,-76.4611,America/New_York,-5
3845,46.7559,-122.8578,America/Los_Angeles,-8
3935,38.4731,-81.8233,America/New_York,-5
3936,38.2056,-81.4211,America/New_York,-5
3938,38.9669,-81.9231,America/New_York,-5
3942,39.4883,-79.6367,America/New_York,-5
3943,39.7107,-79.9275,America/New_York,-5
3944,39.3844,-80.3325,America/New_York,-5
3945,39.5314,-80.113,America/New_York,-5
3946,39.3672,-81.3006,America/New_York,-5
3947,39.8464,-80.8189,America/New_York,-5
3948,39.8297,-80.8153,America/New_York,-5
3954,39.2014,-79.2667,America/New_York,-5
3982,46.5869,-90.9017,America/Chicago,-6
3991,43.0149,-89.4603,America/Chicago,-6
3992,43.0792,-89.3739,America/Chicago,-6
4005,43.8298,-91.26,America/Chicago,-6
4014,44.8864,-91.5158,America/Chicago,-6
4040,43.3842,-87.8689,America/Chicago,-6
4041,42.8457,-87.8294,America/Chicago,-6
4042,43.0303,-87.9233,America/Chicago,-6
4048,42.5064,-89.0322,America/Chicago,-6
4050,43.715,-87.7094,America/Chicago,-6
4054,42.7225,-91.0085,America/Chicago,-6
4057,42.5831,-89.0292,America/Chicago,-6
4059,42.8347,-89.1108,America/Chicago,-6
4072,44.5397,-88.0083,America/Chicago,-6
4076,45.0869,-87.6881,America/Chicago,-6
4078,44.8606,-89.6553,America/Chicago,-6
4125,44.082,-87.6558,America/Chicago,-6
4140,44.3085,-91.9106,America/Chicago,-6
4143,43.5592,-91.2333,America/Chicago,-6
4146,42.7083,-90.9853,America/Chicago,-6
4158,42.8378,-105.7769,America/Denver,-7
4162,41.7572,-110.5986,America/Denver,-7
4195,33.1707,-96.1264,America/Chicago,-6
4259,42.0317,-84.755,America/Detroit,-5
4266,33.1978,-97.1067,America/Chicago,-6
4271,44.3026,-91.9126,America/Chicago,-6
4937,30.558,-98.3705,America/Chicago,-6
4939,27.6067,-97.3119,America/Chicago,-6
4940,35.9978,-95.9567,America/Chicago,-6
4941,36.9047,-111.3886,America/Denver,-7
5083,39.3757,-74.9654,America/New_York,-5
6002,33.6319,-87.0597,America/Chicago,-6
6004,39.3668,-81.2944,America/New_York,-5
6009,34.4236,-92.1392,America/Chicago,-6
6013,34.1775,-118.3147,America/Los_Angeles,-8
6016,40.4663,-89.9841,America/Chicago,-6
6017,38.9361,-88.2778,America/Chicago,-6
6018,38.9031,-84.8511,America/New_York,-5
6019,38.8689,-84.2286,America/New_York,-5
6021,40.4627,-107.5912,America/Denver,-7
6030,47.3761,-101.1567,America/Chicago,-6
6031,38.6903,-83.4803,America/New_York,-5
6034,42.7748,-82.4945,America/Detroit,-5
6035,43.1056,-82.6964,America/Detroit,-5
6041,38.7,-83.8175,America/New_York,-5
6042,27.6058,-82.3456,America/New_York,-5
6043,27.0536,-80.5628,America/New_York,-5
6046,28.9047,-81.3319,America/New_York,-5
6052,33.4124,-85.0345,America/New_York,-5
6055,30.7261,-91.3669,America/Chicago,-6
6058,44.0322,-92.4908,America/Chicago,-6
6061,31.2194,-89.3933,America/Chicago,-6
6063,42.4407,-92.4205,America/Chicago,-6
6064,39.1714,-94.6958,America/Chicago,-6
6065,39.4472,-94.98,America/Chicago,-6
6068,39.2825,-96.1153,America/Chicago,-6
6071,38.5847,-85.4117,America/New_York,-5
6073,30.5335,-88.5574,America/Chicago,-6
6074,38.8615,-94.2982,America/Chicago,-6
6076,45.8831,-106.614,America/Denver,-7
6077,41.0808,-101.1408,America/Chicago,-6
6081,42.1977,-72.5103,America/New_York,-5
6082,43.3561,-78.6039,America/New_York,-5
6085,41.2175,-87.0239,America/Chicago,-6
6089,47.6788,-104.1569,America/Denver,-7
6090,45.3792,-93.8958,America/Chicago,-6
6094,40.6344,-80.42,America/New_York,-5
6095,36.4537,-97.0527,America/Chicago,-6
6096,40.6215,-95.7765,America/Chicago,-6
6098,45.3047,-96.5103,America/Chicago,-6
6101,44.2886,-105.3847,America/Denver,-7
6106,45.6933,-119.8056,America/Los_Angeles,-8
6112,40.2461,-104.8742,America/Denver,-7
6113,38.3722,-87.7661,America/Chicago,-6
6124,32.3558,-81.1683,America/New_York,-5
6136,30.6167,-96.0778,America/Chicago,-6
6137,37.9053,-87.715,America/Chicago,-6
6138,36.2561,-94.5241,America/Chicago,-6
6139,33.0583,-94.844,America/Chicago,-6
6146,32.2597,-94.5703,America/Chicago,-6
6147,33.0917,-95.0417,America/Chicago,-6
6155,38.1306,-90.2625,America/Chicago,-6
6156,41.2836,-72.9042,America/New_York,-5
6165,39.1747,-111.0289,America/Denver,-7
6166,37.9256,-87.0372,America/Chicago,-6
6170,42.5381,-87.9033,America/Chicago,-6
6177,34.5778,-109.2717,America/Phoenix,-7
6178,28.7128,-97.2142,America/Chicago,-6
6179,29.9172,-96.7506,America/Chicago,-6
6180,31.185,-96.4853,America/Chicago,-6
6181,29.3072,-98.3228,America/Chicago,-6
6183,28.7044,-98.4781,America/Chicago,-6
6190,31.395,-92.7167,America/Chicago,-6
6193,35.2972,-101.7475,America/Chicago,-6
6194,34.1847,-102.5686,America/Chicago,-6
6195,37.1519,-93.3892,America/Chicago,-6
6204,42.1103,-104.8828,America/Denver,-7
6213,39.0694,-87.5108,America/Indiana/Indianapolis,-5
6223,37.1385,-94.1041,America/Chicago,-6
6243,30.7217,-96.4599,America/Chicago,-6
6246,29.6283,-81.5856,America/New_York,-5
6248,40.2217,-103.6803,America/Denver,-7
6249,33.3303,-79.3611,America/New_York,-5
6250,36.5278,-78.8917,America/New_York,-5
6253,43.1952,-88.1496,America/Chicago,-6
6254,41.0961,-92.5556,America/Chicago,-6
6257,33.0583,-83.8072,America/New_York,-5
6258,33.138,-81.748,America/New_York,-5
6264,38.9794,-81.9344,America/New_York,-5
6288,63.8542,-148.95,America/Anchorage,-9
6358,44.8889,-94.35,America/Chicago,-6
6373,40.7316,-96.7364,America/Chicago,-6
6463,42.0269,-93.5828,America/Chicago,-6
6469,47.3714,-101.8344,America/North_Dakota/Beulah,-6
6481,39.5035,-112.5811,America/Denver,-7
6558,31.321,-92.4626,America/Chicago,-6
6584,24.5636,-81.7342,America/New_York,-5
6635,41.4485,-72.834,America/New_York,-5
6639,37.6467,-87.5006,America/Chicago,-6
6641,35.6733,-91.4083,America/Chicago,-6
6648,30.5642,-97.0639,America/Chicago,-6
6650,39.1481,-91.8306,America/Chicago,-6
6651,39.4244,-92.4837,America/Chicago,-6
6652,38.5553,-92.102,America/Chicago,-6
6664,41.3153,-91.0936,America/Chicago,-6
6705,37.915,-87.3328,America/Chicago,-6
6741,45.819,-92.9702,America/Chicago,-6
6761,40.8611,-105.0206,America/Denver,-7
6768,36.8791,-89.6209,America/Chicago,-6
6772,34.0158,-95.3206,America/Chicago,-6
6776,39.4903,-75.0486,America/New_York,-5
6823,37.4497,-87.0803,America/Chicago,-6
6824,44.905,-93.821,America/Chicago,-6
7013,37.2376,-96.9619,America/Chicago,-6
7030,31.0932,-96.6965,America/Chicago,-6
7032,37.1575,-76.6911,America/New_York,-5
7063,31.2546,-88.0299,America/Chicago,-6
7082,36.425,-114.9,America/Los_Angeles,-8
7097,29.3091,-98.3205,America/Chicago,-6
7137,41.7529,-92.7488,America/Chicago,-6
7138,39.8154,-74.2098,America/New_York,-5
7145,41.5572,-93.5242,America/Chicago,-6
7146,40.9569,-72.8774,America/New_York,-5
7153,39.7436,-75.5072,America/New_York,-5
7155,43.2481,-93.2046,America/Chicago,-6
7158,39.4492,-84.4611,America/New_York,-5
7159,43.1669,-88.69,America/Chicago,-6
7203,43.7353,-88.4968,America/Chicago,-6
7210,33.3642,-81.03,America/New_York,-5
7212,37.4978,-77.368,America/New_York,-5
7213,36.8692,-78.7046,America/New_York,-5
7237,43.6033,-96.6369,America/Chicago,-6
7238,28.2764,-81.533,America/New_York,-5
7242,27.7286,-81.9897,America/New_York,-5
7253,39.3672,-81.5208,America/New_York,-5
7254,28.4272,-81.5803,America/New_York,-5
7258,42.7553,-86.0853,America/Detroit,-5
7266,37.6528,-121.0172,America/Los_Angeles,-8
7270,42.6658,-88.0131,America/Chicago,-6
7277,35.4317,-81.0347,America/New_York,-5
7288,39.451,-75.0578,America/New_York,-5
7296,37.0659,-94.614,America/Chicago,-6
7302,27.7886,-81.8694,America/New_York,-5
7307,40.5083,-122.4253,America/Los_Angeles,-8
7314,40.8153,-73.0644,America/New_York,-5
7315,37.5739,-120.9854,America/Los_Angeles,-8
7318,39.15,-75.5466,America/New_York,-5
7325,29.6967,-95.0411,America/Chicago,-6
7335,39.8383,-84.9665,America/Indiana/Indianapolis,-5
7336,40.0529,-85.7389,America/Indiana/Indianapolis,-5
7343,42.3022,-96.3622,America/Chicago,-6
7345,29.6397,-82.3486,America/New_York,-5
7348,32.5806,-83.5831,America/New_York,-5
7350,45.8486,-119.6744,America/Los_Angeles,-8
7380,27.6417,-81.9625,America/New_York,-5
7425,39.8233,-89.5888,America/Chicago,-6
7449,38.088,-121.3871,America/Los_Angeles,-8
7456,47.8034,-116.869,America/Los_Angeles,-8
7504,44.2853,-105.3841,America/Denver,-7
7515,38.3864,-97.61,America/Chicago,-6
7527,38.4461,-121.4614,America/Los_Angeles,-8
7537,39.2623,-79.3306,America/New_York,-5
7551,38.5306,-121.399,America/Los_Angeles,-8
7552,38.511,-121.4735,America/Los_Angeles,-8
7604,36.5852,-90.1779,America/Chicago,-6
7605,45.65,-122.7231,America/Los_Angeles,-8
7693,33.8539,-117.8561,America/Los_Angeles,-8
7697,31.2622,-88.0052,America/Chicago,-6
7698,32.3102,-86.5242,America/Chicago,-6
7699,27.7447,-81.85,America/New_York,-5
7701,40.1405,-74.7506,America/New_York,-5
7710,32.6094,-85.0961,America/New_York,-5
7721,30.5248,-88.1289,America/Chicago,-6
7737,32.8994,-79.9694,America/New_York,-5
7749,36.8678,-89.8397,America/Chicago,-6
7754,40.2877,-94.7913,America/Chicago,-6
7757,36.2206,-95.2756,America/Chicago,-6
7759,39.9022,-86.2439,America/Indiana/Indianapolis,-5
7760,40.1063,-87.6539,America/Chicago,-6
7762,26.3389,-98.1708,America/Chicago,-6
7763,39.9528,-85.5039,America/Indiana/Indianapolis,-5
7764,33.8122,-83.6954,America/New_York,-5
7765,34.0386,-83.3972,America/New_York,-5
7768,31.3869,-84.0814,America/New_York,-5
7782,39.3528,-84.5183,America/New_York,-5
7783,41.3883,-83.6406,America/New_York,-5
7790,40.0864,-109.2844,America/Denver,-7
7805,34.8422,-79.7444,America/New_York,-5
7813,33.9486,-85.2769,America/New_York,-5
7818,39.5697,-90.4362,America/Chicago,-6
7825,33.6094,-93.7924,America/Chicago,-6
7826,35.7325,-80.6019,America/New_York,-5
7829,32.9856,-83.8464,America/New_York,-5
7834,34.3477,-82.776,America/New_York,-5
7835,39.7183,-76.1606,America/New_York,-5
7836,38.5283,-77.7681,America/New_York,-5
7837,38.1181,-78.2139,America/New_York,-5
7838,38.5447,-77.7707,America/New_York,-5
7839,38.0725,-77.5141,America/New_York,-5
7842,39.1025,-88.8589,America/Chicago,-6
7843,43.7997,-92.6819,America/Chicago,-6
7844,44.795,-93.5808,America/Chicago,-6
7845,35.6578,-89.3964,America/Chicago,-6
7846,30.3206,-81.9486,America/New_York,-5
7848,38.7538,-93.9983,America/Chicago,-6
7858,37.2175,-88.8658,America/Chicago,-6
7863,44.9019,-91.5678,America/Chicago,-6
7869,40.8275,-73.6478,America/New_York,-5
7870,48.746,-122.486,America/Los_Angeles,-8
7872,40.9297,-84.7392,America/New_York,-5
7873,27.9072,-82.4231,America/New_York,-5
7887,40.9108,-96.6147,America/Chicago,-6
7897,32.3814,-86.5736,America/Chicago,-6
7900,30.2091,-97.6139,America/Chicago,-6
7902,32.4607,-94.4852,America/Chicago,-6
7903,37.2479,-93.1709,America/Chicago,-6
7909,40.7539,-73.9506,America/New_York,-5
7910,40.663,-74.0,America/New_York,-5
7912,40.787,-73.2933,America/New_York,-5
7913,40.7988,-73.9093,America/New_York,-5
7914,40.7989,-73.9147,America/New_York,-5
7915,40.7168,-73.9665,America/New_York,-5
7916,32.5892,-84.6917,America/New_York,-5
7917,33.407,-85.0387,America/New_York,-5
7925,43.7984,-94.8415,America/Chicago,-6
7928,38.5325,-94.9042,America/Chicago,-6
7929,38.7878,-94.985,America/Chicago,-6
7946,33.4082,-85.0399,America/New_York,-5
7947,47.5444,-95.1297,America/Chicago,-6
7948,38.8003,-86.4511,America/Indiana/Indianapolis,-5
7953,43.1794,-115.7328,America/Boise,-7
7960,32.7976,-88.6057,America/Chicago,-6
7962,39.2798,-75.6246,America/New_York,-5
7964,39.3531,-91.2295,America/Chicago,-6
7967,32.3494,-108.6975,America/Denver,-7
7972,42.167,-83.5318,America/Detroit,-5
7975,32.2363,-108.5494,America/Denver,-7
7981,35.1597,-81.4306,America/New_York,-5
7984,44.6889,-85.2019,America/Detroit,-5
7985,41.5563,-93.5283,America/Chicago,-6
7987,34.1775,-118.3147,America/Los_Angeles,-8
7988,31.6004,-89.9468,America/Chicago,-6
7989,31.9842,-89.4131,America/Chicago,-6
7991,43.0751,-89.4251,America/Chicago,-6
7999,46.9688,-123.48,America/Los_Angeles,-8
8000,40.3286,-96.8067,America/Chicago,-6
8002,43.0974,-70.7834,America/New_York,-5
8006,41.5711,-73.9739,America/New_York,-5
8007,40.8153,-73.0664,America/New_York,-5
8008,39.8139,-75.2508,America/New_York,-5
8012,40.08,-74.8917,America/New_York,-5
8016,39.8266,-89.6368,America/Chicago,-6
8023,43.4864,-89.4203,America/Chicago,-6
8025,44.4421,-93.565,America/Chicago,-6
8027,44.7855,-93.4315,America/Chicago,-6
8029,41.6722,-93.6769,America/Chicago,-6
8031,43.094,-93.2922,America/Chicago,-6
8037,39.6125,-97.2778,America/Chicago,-6
8042,36.2811,-80.0603,America/New_York,-5
8048,28.1844,-82.7887,America/New_York,-5
8049,28.2628,-81.5486,America/New_York,-5
8053,40.6188,-74.069,America/New_York,-5
8054,33.3503,-91.1181,America/Chicago,-6
8056,29.9994,-90.4758,America/Chicago,-6
8059,34.5431,-98.3244,America/Chicago,-6
8063,32.4033,-97.6986,America/Chicago,-6
8066,41.7378,-108.7875,America/Denver,-7
8068,33.3333,-111.751,America/Phoenix,-7
8069,39.3792,-111.0781,America/Denver,-7
8102,38.9347,-82.1158,America/New_York,-5
8219,38.6306,-104.7056,America/Denver,-7
8222,47.2217,-101.8139,America/North_Dakota/Beulah,-6
8223,34.3186,-109.1636,America/Phoenix,-7
8224,40.8831,-117.1542,America/Los_Angeles,-8
8226,40.5383,-79.7906,America/New_York,-5
8227,40.6815,-74.9207,America/New_York,-5
8906,40.7869,-73.9122,America/New_York,-5
10017,37.5392,-76.8053,America/New_York,-5
10025,43.1969,-77.6289,America/New_York,-5
10029,42.45,-70.9739,America/New_York,-5
10030,39.1467,-75.5461,America/New_York,-5
10034,37.0001,-121.5367,America/Los_Angeles,-8
10043,39.7914,-75.4081,America/New_York,-5
10071,36.8703,-76.3519,America/New_York,-5
10075,47.5314,-90.9111,America/Chicago,-6
10099,39.7661,-75.4242,America/New_York,-5
10111,42.6603,-83.2983,America/Detroit,-5
10113,40.79,-76.1984,America/New_York,-5
10143,40.55,-78.8,America/New_York,-5
10151,39.5611,-80.1642,America/New_York,-5
10156,36.6183,-120.1,America/Los_Angeles,-8
10169,33.8759,-118.2491,America/Los_Angeles,-8
10176,42.3414,-71.0311,America/New_York,-5
10190,42.5375,-73.7433,America/New_York,-5
10244,39.3265,-82.9744,America/New_York,-5
10252,36.5489,-82.5667,America/New_York,-5
10294,36.225,-121.1278,America/Los_Angeles,-8
10298,29.6225,-95.0458,America/Chicago,-6
10307,42.0925,-71.4833,America/New_York,-5
10308,40.439,-74.3444,America/New_York,-5
10328,42.7178,-84.4836,America/Detroit,-5
10333,28.5814,-82.4303,America/New_York,-5
10343,40.8092,-76.4539,America/New_York,-5
10349,39.1365,-121.6397,America/Los_Angeles,-8
10350,39.0536,-121.6942,America/Los_Angeles,-8
10377,37.2939,-77.2697,America/New_York,-5
10378,33.9444,-78.0125,America/New_York,-5
10379,36.435,-78.9619,America/New_York,-5
10380,34.6474,-78.6407,America/New_York,-5
10381,35.0225,-77.8575,America/New_York,-5
10382,34.59,-78.9968,America/New_York,-5
10384,36.0378,-77.7542,America/New_York,-5
10398,41.4739,-81.6728,America/New_York,-5
10405,36.547,-119.578,America/Los_Angeles,-8
10464,44.0361,-75.7712,America/New_York,-5
10474,41.68,-87.4264,America/Chicago,-6
10485,39.2135,-76.4727,America/New_York,-5
10525,35.1285,-77.17,America/New_York,-5
10566,39.6928,-75.4867,America/New_York,-5
10567,41.9227,-72.6255,America/New_York,-5
10603,40.455,-78.7472,America/New_York,-5
10617,43.8861,-75.4342,America/New_York,-5
10619,42.5083,-78.0661,America/New_York,-5
10620,43.9842,-75.6225,America/New_York,-5
10621,43.0667,-76.2246,America/New_York,-5
10633,37.2914,-77.2821,America/New_York,-5
10641,40.4748,-78.7021,America/New_York,-5
10649,35.4192,-118.9266,America/Los_Angeles,-8
10650,35.4837,-119.0299,America/Los_Angeles,-8
10670,29.7192,-95.2278,America/Chicago,-6
10671,35.1931,-94.6458,America/Chicago,-6
10672,30.4219,-81.6079,America/New_York,-5
10675,41.4282,-72.1005,America/New_York,-5
10676,40.6558,-80.3556,America/New_York,-5
10678,39.5944,-78.7456,America/New_York,-5
10682,40.2415,-103.631,America/Denver,-7
10698,42.3049,-85.5783,America/Detroit,-5
10725,42.5744,-73.8592,America/New_York,-5
10726,42.156,-72.5292,America/New_York,-5
10729,35.0828,-90.1372,America/Chicago,-6
10741,29.6255,-95.067,America/Chicago,-6
10743,39.6397,-79.9606,America/New_York,-5
10745,43.5861,-84.2242,America/Detroit,-5
10751,39.9175,-75.1192,America/New_York,-5
10761,36.2317,-115.1235,America/Los_Angeles,-8
10771,37.2969,-77.2833,America/New_York,-5
10773,37.1183,-79.2726,America/New_York,-5
10774,36.6525,-76.9953,America/New_York,-5
10788,38.2431,-81.556,America/New_York,-5
10797,36.2756,-86.6644,America/Chicago,-6
10802,42.64,-71.323,America/New_York,-5
10803,44.7258,-75.4417,America/New_York,-5
10805,40.6781,-74.2744,America/New_York,-5
10812,32.705,-117.189,America/Los_Angeles,-8
10822,44.6062,-84.6901,America/Detroit,-5
10823,42.3497,-70.9601,America/New_York,-5
10849,47.286,-91.26,America/Chicago,-6
10865,39.8675,-88.885,America/Chicago,-6
10866,40.6776,-89.6069,America/Chicago,-6
10867,39.8466,-88.9261,America/Chicago,-6
10870,40.9282,-76.0416,America/New_York,-5
50002,42.4564,-73.2181,America/New_York,-5
50006,40.6322,-74.2156,America/New_York,-5
50012,38.1366,-81.279,America/New_York,-5
50030,30.2861,-93.2917,America/Chicago,-6
50039,40.8737,-75.9936,America/New_York,-5
50044,40.0008,-83.0158,America/New_York,-5
50074,39.8103,-75.4281,America/New_York,-5
50109,33.6968,-95.5577,America/Chicago,-6
50130,40.6672,-80.3465,America/New_York,-5
50131,36.1807,-120.3885,America/Los_Angeles,-8
50137,29.2639,-95.8997,America/Chicago,-6
50151,38.3688,-81.6786,America/New_York,-5
50188,35.2081,-77.1242,America/New_York,-5
50189,35.8628,-76.7831,America/New_York,-5
50202,43.0804,-79.0082,America/New_York,-5
50240,40.4172,-86.9117,America/Indiana/Indianapolis,-5
50243,44.5739,-68.8033,America/New_York,-5
50244,35.535,-82.8411,America/New_York,-5
50245,34.735,-87.3108,America/Chicago,-6
50247,39.4086,-84.5622,America/New_York,-5
50254,36.4769,-77.6414,America/New_York,-5
50279,41.4844,-75.5403,America/New_York,-5
50282,39.4722,-79.0575,America/New_York,-5
50292,40.7469,-73.4994,America/New_York,-5
50296,35.0442,-88.2652,America/Chicago,-6
50368,42.4428,-76.4764,America/New_York,-5
50385,40.7197,-74.13,America/New_York,-5
50397,39.8717,-76.8664,America/New_York,-5
50410,39.8439,-75.3575,America/New_York,-5
50449,42.6544,-78.0772,America/New_York,-5
50450,43.4682,-76.4965,America/New_York,-5
50451,42.9671,-78.9182,America/New_York,-5
50458,43.25,-73.8125,America/New_York,-5
50463,41.573,-76.0426,America/New_York,-5
50472,43.0839,-79.0056,America/New_York,-5
50479,37.534,-79.357,America/New_York,-5
50481,36.5192,-82.535,America/New_York,-5
50491,39.7475,-80.8547,America/New_York,-5
50497,40.6553,-74.1124,America/New_York,-5
50498,41.7639,-72.6925,America/New_York,-5
50555,36.4525,-77.6594,America/New_York,-5
50558,35.442,-97.6477,America/Chicago,-6
50561,39.8746,-75.1592,America/New_York,-5
50607,39.9422,-75.1875,America/New_York,-5
50611,40.6191,-76.45,America/New_York,-5
50612,35.3195,-119.662,America/Los_Angeles,-8
50615,32.4925,-100.3628,America/Chicago,-6
50625,30.0639,-94.0703,America/Chicago,-6
50627,41.4167,-88.1833,America/Chicago,-6
50628,39.84,-75.2583,America/New_York,-5
50651,43.0653,-76.2086,America/New_York,-5
50707,40.0979,-104.7745,America/Denver,-7
50729,40.3097,-79.8819,America/New_York,-5
50730,33.4833,-86.9261,America/Chicago,-6
50732,40.3925,-79.8564,America/New_York,-5
50733,41.6133,-87.3281,America/Chicago,-6
50736,41.7132,-71.8223,America/New_York,-5
50744,43.0803,-75.6003,America/New_York,-5
50776,40.8556,-75.8781,America/New_York,-5
50797,40.7364,-74.1286,America/New_York,-5
50799,40.4586,-74.3327,America/New_York,-5
50806,34.1519,-79.5587,America/New_York,-5
50815,29.8169,-95.1086,America/Chicago,-6
50835,44.217,-86.2906,America/Detroit,-5
50852,40.9056,-74.1308,America/New_York,-5
50864,35.9359,-120.8405,America/Los_Angeles,-8
50865,35.9515,-120.8679,America/Los_Angeles,-8
50879,40.7817,-76.1781,America/New_York,-5
50888,40.6917,-75.4792,America/New_York,-5
50900,37.7997,-79.9946,America/New_York,-5
50949,27.6364,-81.9636,America/New_York,-5
50951,39.5472,-110.3917,America/Denver,-7
50956,35.2964,-84.7569,America/New_York,-5
50965,41.6325,-83.5042,America/New_York,-5
50966,37.4964,-77.4319,America/New_York,-5
50974,41.2678,-79.8114,America/New_York,-5
50976,27.0393,-80.5144,America/New_York,-5
50978,43.0611,-76.0819,America/New_York,-5
51000,40.1291,-87.6236,America/Chicago,-6
51030,42.0099,-71.6701,America/New_York,-5
52007,36.6009,-78.53,America/New_York,-5
52019,37.8181,-77.4478,America/New_York,-5
52026,41.6728,-70.9989,America/New_York,-5
52056,40.7259,-73.5885,America/New_York,-5
52071,30.5681,-97.0614,America/Chicago,-6
52087,36.7743,-76.3119,America/New_York,-5
52088,29.3787,-94.944,America/Chicago,-6
52089,37.3451,-80.764,America/New_York,-5
52106,39.9058,-75.2122,America/New_York,-5
52130,41.6703,-87.4803,America/Chicago,-6
52140,32.4167,-86.4667,America/Chicago,-6
52149,40.2128,-75.3022,America/New_York,-5
52151,33.8872,-80.6397,America/New_York,-5
52152,36.6803,-76.9128,America/New_York,-5
52168,40.8697,-73.8258,America/New_York,-5
52176,32.2722,-101.4222,America/Chicago,-6
52193,39.5936,-75.6337,America/New_York,-5
54034,42.63,-73.75,America/New_York,-5
54035,36.4364,-77.6167,America/New_York,-5
54041,43.1622,-78.7453,America/New_York,-5
54056,41.861,-71.407,America/New_York,-5
54076,42.0875,-78.4578,America/New_York,-5
54081,37.4556,-77.4308,America/New_York,-5
54096,32.425,-86.8694,America/Chicago,-6
54099,43.8914,-73.3961,America/New_York,-5
54114,40.6417,-73.7778,America/New_York,-5
54131,43.0483,-78.8539,America/New_York,-5
54144,41.1776,-79.4418,America/New_York,-5
54149,40.9168,-73.1292,America/New_York,-5
54207,41.2119,-80.8176,America/New_York,-5
54216,33.3278,-86.3583,America/Chicago,-6
54236,41.3319,-72.0792,America/New_York,-5
54238,37.9416,-121.3273,America/Los_Angeles,-8
54276,35.9069,-79.0617,America/New_York,-5
54304,38.2667,-77.3147,America/New_York,-5
54324,42.0099,-71.6701,America/New_York,-5
54344,40.422,-80.5955,America/New_York,-5
54365,27.8708,-81.8253,America/New_York,-5
54415,44.2634,-85.4348,America/Detroit,-5
54416,40.8419,-75.0675,America/New_York,-5
54423,28.9158,-81.676,America/New_York,-5
54424,28.3744,-82.1892,America/New_York,-5
54425,43.0393,-76.143,America/New_York,-5
54426,27.8489,-81.8775,America/New_York,-5
54466,28.4422,-81.4119,America/New_York,-5
54476,48.9905,-122.2733,America/Los_Angeles,-8
54532,40.4967,-80.0756,America/New_York,-5
54537,48.8283,-122.6853,America/Los_Angeles,-8
54547,43.495,-76.4508,America/New_York,-5
54556,41.7775,-87.8233,America/Chicago,-6
54571,42.202,-79.8425,America/New_York,-5
54574,44.7132,-73.4557,America/New_York,-5
54586,42.6308,-71.3133,America/New_York,-5
54592,44.9503,-74.8928,America/New_York,-5
54593,42.9828,-78.1592,America/New_York,-5
54605,41.75,-72.6347,America/New_York,-5
54634,40.8222,-76.1736,America/New_York,-5
54638,41.4908,-78.6767,America/New_York,-5
54640,40.0613,-74.1686,America/New_York,-5
54657,41.6242,-72.0417,America/New_York,-5
54658,28.0542,-81.8058,America/New_York,-5
54694,32.7286,-114.6542,America/Phoenix,-7
54749,33.1185,-117.0995,America/Los_Angeles,-8
54751,43.0841,-83.6743,America/Detroit,-5
54755,36.4364,-77.6167,America/New_York,-5
54761,45.8042,-119.37,America/Los_Angeles,-8
54768,35.4837,-119.0298,America/Los_Angeles,-8
54785,39.9417,-75.1883,America/New_York,-5
54795,39.2749,-76.5945,America/New_York,-5
54802,32.175,-85.0311,America/Chicago,-6
54805,42.1292,-71.5122,America/New_York,-5
54814,36.7367,-107.9417,America/Denver,-7
54817,32.3994,-97.4078,America/Chicago,-6
54832,38.6681,-76.8678,America/New_York,-5
54844,38.1245,-78.2031,America/New_York,-5
54854,36.1392,-115.034,America/Los_Angeles,-8
54907,42.3611,-71.0934,America/New_York,-5
54914,40.6994,-73.9758,America/New_York,-5
54915,43.94,-86.4247,America/Detroit,-5
55010,44.7956,-92.9119,America/Chicago,-6
55011,42.8543,-88.7297,America/Chicago,-6
55015,29.0728,-95.745,America/Chicago,-6
55026,41.8312,-71.1239,America/New_York,-5
55029,44.4489,-88.0731,America/Chicago,-6
55031,44.5047,-70.2403,America/New_York,-5
55039,35.026,-106.644,America/Denver,-7
55040,32.4853,-83.6036,America/New_York,-5
55041,42.0476,-72.6478,America/New_York,-5
55042,41.1692,-73.1844,America/New_York,-5
55043,35.0727,-81.613,America/New_York,-5
55047,29.7233,-95.1769,America/Chicago,-6
55048,41.6417,-71.17,America/New_York,-5
55061,33.3516,-84.9996,America/New_York,-5
55062,30.5924,-95.9178,America/Chicago,-6
55063,34.3345,-89.9272,America/Chicago,-6
55064,35.6957,-101.36,America/Chicago,-6
55065,32.9728,-102.7417,America/Chicago,-6
55068,44.8236,-68.7106,America/New_York,-5
55075,34.2181,-91.9025,America/Chicago,-6
55076,33.3761,-89.2183,America/Chicago,-6
55077,35.7867,-114.9928,America/Los_Angeles,-8
55079,42.1127,-72.0152,America/New_York,-5
55081,35.5438,-89.198,America/Chicago,-6
55086,27.8881,-97.2572,America/Chicago,-6
55087,42.82,-85.9988,America/Detroit,-5
55088,42.3026,-83.154,America/Detroit,-5
55089,29.9861,-90.4575,America/Chicago,-6
55091,32.4302,-97.0537,America/Chicago,-6
55096,41.6317,-87.1728,America/Chicago,-6
55097,33.6314,-95.589,America/Chicago,-6
55098,26.208,-98.3992,America/Chicago,-6
55100,44.5303,-70.5219,America/New_York,-5
55101,42.2797,-85.4922,America/Detroit,-5
55102,45.0291,-84.7332,America/Detroit,-5
55103,42.174,-121.8112,America/Los_Angeles,-8
55104,30.0444,-93.7716,America/Chicago,-6
55107,41.8017,-71.5186,America/New_York,-5
55109,42.0931,-88.2397,America/Chicago,-6
55110,39.4522,-84.465,America/New_York,-5
55111,39.9208,-87.445,America/Indiana/Indianapolis,-5
55112,39.0531,-121.6939,America/Los_Angeles,-8
55113,39.8743,-75.1595,America/New_York,-5
55116,36.3297,-79.8297,America/New_York,-5
55117,30.221,-93.2826,America/Chicago,-6
55120,30.0561,-93.7539,America/Chicago,-6
55123,26.3403,-98.19,America/Chicago,-6
55124,35.0517,-114.1334,America/Phoenix,-7
55126,41.2239,-73.1,America/New_York,-5
55127,40.2201,-103.679,America/Denver,-7
55128,33.8147,-83.6969,America/New_York,-5
55129,32.9042,-111.7889,America/Phoenix,-7
55131,41.4797,-88.2581,America/Chicago,-6
55132,32.0164,-94.6189,America/Chicago,-6
55135,44.1934,-88.5055,America/Chicago,-6
55137,29.5932,-97.9724,America/Chicago,-6
55138,32.5412,-85.0384,America/New_York,-5
55139,32.3347,-97.7344,America/Chicago,-6
55141,33.3577,-84.9912,America/New_York,-5
55144,29.7806,-97.9894,America/Chicago,-6
55146,35.9833,-95.9346,America/Chicago,-6
55148,39.0717,-87.0128,America/Indiana/Indianapolis,-5
55149,41.8736,-71.8947,America/New_York,-5
55151,35.2956,-119.5919,America/Los_Angeles,-8
55153,29.6237,-98.1395,America/Chicago,-6
55154,30.1478,-97.27,America/Chicago,-6
55164,38.3902,-85.4133,America/New_York,-5
55165,30.1603,-93.3458,America/Chicago,-6
55166,35.0786,-81.575,America/New_York,-5
55168,30.1458,-97.55,America/Chicago,-6
55170,42.9043,-71.4251,America/New_York,-5
55172,31.8594,-97.3586,America/Chicago,-6
55173,30.4284,-92.4112,America/Chicago,-6
55174,41.5001,-87.5958,America/Chicago,-6
55176,32.4472,-94.6917,America/Chicago,-6
55177,34.8678,-114.5317,America/Phoenix,-7
55178,38.7931,-94.3006,America/Chicago,-6
55179,47.7861,-116.9214,America/Los_Angeles,-8
55182,35.2097,-119.585,America/Los_Angeles,-8
55183,41.7749,-89.6067,America/Chicago,-6
55187,29.8356,-95.1242,America/Chicago,-6
55188,41.7146,-90.2802,America/Chicago,-6
55192,28.1289,-81.0978,America/New_York,-5
55193,40.4219,-75.9353,America/New_York,-5
55196,40.5447,-79.7678,America/New_York,-5
55197,33.6464,-88.2717,America/Chicago,-6
55198,38.1933,-82.6042,America/New_York,-5
55199,41.4388,-88.1236,America/Chicago,-6
55200,39.6692,-105.0018,America/Denver,-7
55201,40.4705,-88.3987,America/Chicago,-6
55202,38.1114,-89.3467,America/Chicago,-6
55204,38.7619,-89.0128,America/Chicago,-6
55206,27.8139,-97.4283,America/Chicago,-6
55207,40.0197,-105.202,America/Denver,-7
55210,32.1134,-106.848,America/Denver,-7
55211,42.1113,-71.4529,America/New_York,-5
55212,42.0575,-71.5172,America/New_York,-5
55215,31.8378,-102.3278,America/Chicago,-6
55216,41.4092,-88.3292,America/Chicago,-6
55217,38.03,-121.8708,America/Los_Angeles,-8
55218,32.3781,-90.2169,America/Chicago,-6
55219,34.98,-90.0406,America/Chicago,-6
55220,33.0142,-89.6758,America/Chicago,-6
55221,34.5923,-92.2166,America/Chicago,-6
55222,41.3937,-87.9437,America/Chicago,-6
55223,32.3194,-96.6739,America/Chicago,-6
55224,38.6716,-87.2931,America/Indiana/Vincennes,-5
55225,36.0119,-95.6967,America/Chicago,-6
55226,31.8907,-96.1128,America/Chicago,-6
55228,40.0747,-84.6147,America/New_York,-5
55229,40.6206,-85.3057,America/Indiana/Indianapolis,-5
55230,33.101,-97.9574,America/Chicago,-6
55231,39.8622,-75.3361,America/New_York,-5
55232,37.0286,-88.3958,America/Chicago,-6
55233,41.2908,-79.8061,America/New_York,-5
55234,39.3092,-91.5369,America/Chicago,-6
55236,41.8287,-89.4054,America/Chicago,-6
55237,39.2794,-88.4772,America/Chicago,-6
55238,42.2403,-89.1025,America/Chicago,-6
55239,40.4481,-74.3497,America/New_York,-5
55241,30.7478,-88.0575,America/Chicago,-6
55242,30.5661,-87.115,America/Chicago,-6
55243,40.7864,-73.9133,America/New_York,-5
55244,33.8376,-83.6996,America/New_York,-5
55245,39.7983,-88.3501,America/Chicago,-6
55247,39.7139,-83.1778,America/New_York,-5
55248,39.7286,-84.2106,America/New_York,-5
55250,41.4405,-87.7528,America/Chicago,-6
55251,36.2454,-88.612,America/Chicago,-6
55253,41.4297,-87.6187,America/Chicago,-6
55259,41.6739,-87.4778,America/Chicago,-6
55262,41.3989,-83.6411,America/New_York,-5
55263,40.7167,-82.789,America/New_York,-5
55264,41.4077,-84.1092,America/New_York,-5
55267,32.911,-84.3059,America/New_York,-5
55269,34.9939,-90.039,America/Chicago,-6
55270,42.2488,-84.3767,America/Detroit,-5
55271,32.6514,-86.7386,America/Chicago,-6
55276,38.3681,-82.5339,America/New_York,-5
55279,41.8151,-88.2265,America/Chicago,-6
55281,41.7181,-87.5449,America/Chicago,-6
55282,33.3417,-112.8897,America/Phoenix,-7
55283,38.6281,-104.7069,America/Denver,-7
55284,38.3441,-82.5938,America/New_York,-5
55285,36.6644,-82.1044,America/New_York,-5
55286,28.3661,-80.7947,America/New_York,-5
55292,34.6292,-87.0214,America/Chicago,-6
55293,34.6397,-87.0639,America/Chicago,-6
55294,43.6576,-70.3772,America/New_York,-5
55295,33.6157,-114.6865,America/Los_Angeles,-8
55296,41.6835,-87.5563,America/Chicago,-6
55297,42.3231,-86.2925,America/Detroit,-5
55298,40.1464,-74.7406,America/New_York,-5
55299,29.7189,-95.2319,America/Chicago,-6
55304,31.3869,-84.0819,America/New_York,-5
55306,32.9761,-112.694,America/Phoenix,-7
55308,37.0467,-88.3506,America/Chicago,-6
55317,42.2417,-70.9653,America/New_York,-5
55318,28.4933,-80.7825,America/New_York,-5
55320,33.0583,-97.9103,America/Chicago,-6
55322,36.3853,-114.9228,America/Los_Angeles,-8
55327,29.7731,-94.9019,America/Chicago,-6
55328,45.7934,-119.313,America/Los_Angeles,-8
55332,33.0917,-82.9803,America/New_York,-5
55333,38.0167,-121.8439,America/Los_Angeles,-8
55334,39.2242,-88.7594,America/Chicago,-6
55337,40.3509,-76.3658,America/New_York,-5
55340,35.8619,-90.0253,America/Chicago,-6
55343,32.2983,-107.78,America/Denver,-7
55345,32.5733,-116.9153,America/Los_Angeles,-8
55347,40.6383,-79.3503,America/New_York,-5
55348,41.4774,-83.4616,America/New_York,-5
55349,39.3328,-81.3639,America/New_York,-5
55350,40.0935,-82.0267,America/New_York,-5
55357,29.4731,-95.6244,America/Chicago,-6
55358,30.2588,-93.7353,America/Chicago,-6
55364,39.3922,-87.5103,America/Indiana/Indianapolis,-5
55365,29.702,-95.071,America/Chicago,-6
55372,33.4759,-113.1133,America/Phoenix,-7
55375,40.7825,-73.8964,America/New_York,-5
55377,39.7475,-79.8388,America/New_York,-5
55380,33.2961,-92.5933,America/Chicago,-6
55381,37.9892,-75.54,America/New_York,-5
55382,34.7094,-84.9182,America/New_York,-5
55386,33.8692,-81.0183,America/New_York,-5
55391,42.9767,-89.0492,America/Chicago,-6
55392,42.4776,-87.895,America/Chicago,-6
55393,37.2169,-121.7439,America/Los_Angeles,-8
55395,34.183,-90.5621,America/Chicago,-6
55397,39.5798,-81.6571,America/New_York,-5
55400,35.2802,-119.4699,America/Los_Angeles,-8
55401,39.0839,-82.3328,America/New_York,-5
55402,43.1864,-84.8429,America/Detroit,-5
55404,30.2292,-91.065,America/Chicago,-6
55405,42.2728,-73.8492,America/New_York,-5
55406,32.2792,-81.2842,America/New_York,-5
55409,33.5883,-85.9731,America/Chicago,-6
55411,33.0,-85.9031,America/Chicago,-6
55412,28.0525,-81.8083,America/New_York,-5
55414,28.3665,-82.5591,America/New_York,-5
55415,27.5242,-81.9236,America/New_York,-5
55417,38.6996,-88.5392,America/Chicago,-6
55418,34.2963,-92.8683,America/Chicago,-6
55419,30.3215,-91.2392,America/Chicago,-6
55422,27.2272,-81.8092,America/New_York,-5
55433,30.2825,-92.5994,America/Chicago,-6
55438,41.9997,-88.2445,America/Chicago,-6
55439,37.8667,-78.3813,America/New_York,-5
55440,32.6503,-86.7386,America/Chicago,-6
55447,39.0183,-92.2633,America/Chicago,-6
55451,34.8358,-89.2017,America/Chicago,-6
55453,38.5569,-104.6875,America/Denver,-7
55455,33.33,-112.84,America/Phoenix,-7
55457,35.2979,-97.5896,America/Chicago,-6
55463,35.6853,-97.2242,America/Chicago,-6
55464,29.7153,-95.1361,America/Chicago,-6
55467,32.7056,-92.0697,America/Chicago,-6
55470,29.3775,-94.9328,America/Chicago,-6
55477,44.2853,-105.3841,America/Denver,-7
55478,44.1212,-103.2608,America/Denver,-7
55479,44.2862,-105.3843,America/Denver,-7
55480,32.7563,-96.4916,America/Chicago,-6
55481,33.3451,-112.8638,America/Phoenix,-7
55482,45.8114,-120.833,America/Los_Angeles,-8
55494,39.5617,-119.5175,America/Los_Angeles,-8
55496,40.1083,-88.5986,America/Chicago,-6
55499,38.3989,-121.9239,America/Los_Angeles,-8
55501,34.6831,-95.9349,America/Chicago,-6
55502,39.0913,-84.8667,America/New_York,-5
55503,39.5314,-81.7172,America/New_York,-5
55504,39.2038,-103.7005,America/Denver,-7
55505,39.9414,-104.6817,America/Denver,-7
55508,36.6531,-120.5797,America/Los_Angeles,-8
55510,32.5622,-116.9433,America/Los_Angeles,-8
55512,32.7971,-116.972,America/Los_Angeles,-8
55513,33.1221,-117.117,America/Los_Angeles,-8
55514,36.4178,-114.9622,America/Los_Angeles,-8
55516,39.8592,-79.9182,America/New_York,-5
55517,41.4486,-72.8358,America/New_York,-5
55518,34.5953,-117.3647,America/Los_Angeles,-8
55522,32.9285,-111.5899,America/Phoenix,-7
55524,39.738,-76.3072,America/New_York,-5
55538,33.1261,-117.1172,America/Los_Angeles,-8
55540,32.5914,-117.0586,America/Los_Angeles,-8
55541,33.9114,-116.5533,America/Los_Angeles,-8
55542,32.5672,-116.9444,America/Los_Angeles,-8
55544,42.1727,-121.8144,America/Los_Angeles,-8
55558,44.2717,-88.3011,America/Chicago,-6
55600,42.1073,-75.9283,America/New_York,-5
55620,32.6914,-92.0192,America/Chicago,-6
55622,40.6663,-112.031,America/Denver,-7
55625,38.2419,-121.8551,America/Los_Angeles,-8
55626,38.2216,-121.8683,America/Los_Angeles,-8
55627,38.2271,-121.844,America/Los_Angeles,-8
55640,41.4426,-87.7515,America/Chicago,-6
55641,42.5835,-89.0351,America/Chicago,-6
55645,39.7436,-104.68,America/Denver,-7
55651,35.7422,-97.655,America/Chicago,-6
55654,39.8668,-77.6859,America/New_York,-5
55656,34.9556,-118.844,America/Los_Angeles,-8
55661,43.1047,-70.8044,America/New_York,-5
55662,46.6226,-122.9145,America/Los_Angeles,-8
55664,32.3958,-94.4361,America/Chicago,-6
55667,40.8011,-75.105,America/New_York,-5
55672,33.1189,-82.8608,America/New_York,-5
55687,35.6139,-115.3561,America/Los_Angeles,-8
55690,40.6175,-75.3147,America/New_York,-5
55694,33.3806,-89.2039,America/Chicago,-6
55698,36.2689,-119.6469,America/Los_Angeles,-8
55699,40.6106,-73.7614,America/New_York,-5
55700,46.1403,-122.9842,America/Los_Angeles,-8
55701,41.3781,-83.1647,America/New_York,-5
55703,35.0836,-90.0825,America/Chicago,-6
55706,33.2881,-89.4201,America/Chicago,-6
55708,31.8326,-94.9006,America/Chicago,-6
55710,40.5456,-79.7669,America/New_York,-5
55714,34.4304,-92.8333,America/Chicago,-6
55718,42.774,-82.4818,America/Detroit,-5
55733,43.147,-115.6671,America/Boise,-7
55736,38.5731,-82.7833,America/New_York,-5
55738,37.1753,-81.9617,America/New_York,-5
55748,37.425,-121.9319,America/Los_Angeles,-8
55749,45.7578,-107.6,America/Denver,-7
55786,40.7861,-73.2931,America/New_York,-5
55787,40.9572,-72.8664,America/New_York,-5
55799,42.4641,-85.6941,America/Detroit,-5
55801,39.8083,-75.4225,America/New_York,-5
55802,34.6063,-106.732,America/Denver,-7
55807,36.2397,-119.9044,America/Los_Angeles,-8
55810,36.999,-121.5363,America/Los_Angeles,-8
55818,47.0864,-122.3644,America/Los_Angeles,-8
55821,28.4881,-81.1675,America/New_York,-5
55833,28.0534,-81.8059,America/New_York,-5
55835,40.0911,-104.5947,America/Denver,-7
55836,44.2761,-88.2656,America/Chicago,-6
55841,36.4078,-114.9603,America/Los_Angeles,-8
55847,39.1088,-121.6133,America/Los_Angeles,-8
55853,33.7393,-117.1701,America/Los_Angeles,-8
55855,38.2282,-122.076,America/Los_Angeles,-8
55856,38.2792,-89.667,America/Chicago,-6
55866,45.9293,-112.5194,America/Denver,-7
55867,45.2996,-95.5604,America/Chicago,-6
55875,36.1522,-120.1481,America/Los_Angeles,-8
55927,32.3592,-81.1236,America/New_York,-5
55933,37.7107,-121.4906,America/Los_Angeles,-8
55936,42.2383,-89.1014,America/Chicago,-6
55938,40.0606,-74.1672,America/New_York,-5
55939,38.9705,-78.1777,America/New_York,-5
55951,34.0414,-117.3603,America/Los_Angeles,-8
55963,38.0145,-121.7901,America/Los_Angeles,-8
55965,33.4063,-85.0373,America/New_York,-5
55969,41.1056,-72.3767,America/New_York,-5
55970,38.3383,-121.1239,America/Los_Angeles,-8
55972,40.9472,-95.9667,America/Chicago,-6
55976,39.8725,-77.1672,America/New_York,-5
55977,36.7164,-108.2153,America/Denver,-7
55985,33.1192,-117.118,America/Los_Angeles,-8
56013,41.5131,-94.9189,America/Chicago,-6
56015,30.9111,-84.5472,America/New_York,-5
56018,33.1661,-86.2825,America/Chicago,-6
56026,37.3767,-121.9508,America/Los_Angeles,-8
56031,44.3204,-88.2089,America/Chicago,-6
56032,40.6447,-73.5683,America/New_York,-5
56041,33.9983,-118.2219,America/Los_Angeles,-8
56046,34.1788,-118.3153,America/Los_Angeles,-8
56047,41.4841,-73.1229,America/New_York,-5
56068,42.8445,-87.829,America/Chicago,-6
56078,37.4878,-120.8956,America/Los_Angeles,-8
56102,39.8223,-111.894,America/Denver,-7
56104,44.1965,-94.0099,America/Chicago,-6
56108,30.2554,-92.0433,America/Chicago,-6
56135,37.7315,-121.116,America/Los_Angeles,-8
56143,33.9636,-117.4528,America/Los_Angeles,-8
56150,32.3478,-81.1828,America/New_York,-5
56151,38.6803,-94.4824,America/Chicago,-6
56164,44.3353,-93.2894,America/Chicago,-6
56166,43.7519,-87.8783,America/Chicago,-6
56177,40.0614,-111.7294,America/Denver,-7
56188,40.7358,-73.3881,America/New_York,-5
56189,41.0372,-73.5564,America/New_York,-5
56196,40.7881,-73.9056,America/New_York,-5
56224,40.7458,-116.5297,America/Los_Angeles,-8
56227,46.1792,-123.1717,America/Los_Angeles,-8
56232,32.8769,-117.1664,America/Los_Angeles,-8
56234,40.8142,-72.9403,America/New_York,-5
56237,40.3311,-111.7547,America/Denver,-7
56238,45.3718,-98.1032,America/Chicago,-6
56239,36.6894,-119.7399,America/Los_Angeles,-8
56241,44.5364,-92.9147,America/Chicago,-6
56249,34.9708,-79.9208,America/New_York,-5
56253,37.1124,-113.5155,America/Denver,-7
56259,42.6296,-73.749,America/New_York,-5
56283,30.1694,-91.9923,America/Chicago,-6
56292,34.8422,-79.7367,America/New_York,-5
56298,38.7926,-121.3823,America/Los_Angeles,-8
56319,44.2911,-105.3815,America/Denver,-7
56326,32.9748,-102.7432,America/Chicago,-6
56328,36.1855,-94.2841,America/Chicago,-6
56349,31.8414,-102.315,America/Chicago,-6
56350,29.2878,-96.0683,America/Chicago,-6
56397,41.2033,-76.0683,America/New_York,-5
56400,27.3839,-80.3775,America/New_York,-5
56407,26.6986,-80.3747,America/New_York,-5
56445,40.0914,-104.8819,America/Denver,-7
56456,35.6626,-89.9469,America/Chicago,-6
56458,32.7282,-103.3095,America/Denver,-7
56467,37.6341,-122.1326,America/Los_Angeles,-8
56471,34.2054,-119.2478,America/Los_Angeles,-8
56472,34.09,-117.534,America/Los_Angeles,-8
56473,34.0054,-117.5604,America/Los_Angeles,-8
56474,33.8073,-117.9833,America/Los_Angeles,-8
56475,33.9297,-118.1047,America/Los_Angeles,-8
56476,38.0167,-121.7592,America/Los_Angeles,-8
56480,44.635,-90.135,America/Chicago,-6
56482,35.0361,-114.1594,America/Phoenix,-7
56502,38.4464,-96.0651,America/Chicago,-6
56505,35.8481,-90.7257,America/Chicago,-6
56532,39.3648,-122.268,America/Los_Angeles,-8
56556,37.0339,-88.6161,America/Chicago,-6
56564,33.6497,-93.8119,America/Chicago,-6
56569,33.2432,-115.498,America/Los_Angeles,-8
56596,44.2892,-105.3795,America/Denver,-7
56603,30.42,-95.0114,America/Chicago,-6
56604,30.3039,-94.2527,America/Chicago,-6
56606,48.2104,-104.3919,America/Denver,-7
56609,44.3901,-105.4591,America/Denver,-7
56610,44.3961,-96.5333,America/Chicago,-6
56611,31.4753,-96.9564,America/Chicago,-6
56629,41.5444,-73.0416,America/New_York,-5
56639,36.654,-120.5797,America/Los_Angeles,-8
56668,38.9982,-77.1026,America/New_York,-5
56671,39.7078,-79.9588,America/New_York,-5
56674,30.0253,-96.9945,America/Chicago,-6
56786,46.925,-98.5,America/Chicago,-6
56798,41.5526,-72.597,America/New_York,-5
56799,30.1603,-81.5164,America/New_York,-5
56803,36.6513,-120.5833,America/Los_Angeles,-8
56806,29.752,-94.923,America/Chicago,-6
56807,37.6961,-78.2848,America/New_York,-5
56808,36.9161,-82.3381,America/New_York,-5
56846,38.5686,-76.8919,America/New_York,-5
56908,46.1066,-112.8755,America/Denver,-7
56914,33.359,-117.111,America/Los_Angeles,-8
56940,41.413,-74.435,America/New_York,-5
56948,32.9175,-111.5041,America/Phoenix,-7
56963,39.8418,-75.2214,America/New_York,-5
56964,40.6529,-74.0916,America/New_York,-5
56998,38.322,-104.533,America/Denver,-7
57001,32.7971,-116.972,America/Los_Angeles,-8
57027,33.8581,-117.8616,America/Los_Angeles,-8
57028,43.9046,-116.8181,America/Boise,-7
57029,35.1706,-81.4161,America/New_York,-5
57037,32.6538,-88.7574,America/Chicago,-6
57073,35.5561,-115.4686,America/Los_Angeles,-8
57074,35.5356,-115.4515,America/Los_Angeles,-8
57075,35.5808,-115.4825,America/Los_Angeles,-8
57241,29.7675,-82.3964,America/New_York,-5
57267,38.0171,-121.7651,America/Los_Angeles,-8
57349,39.1882,-75.4999,America/New_York,-5
57480,47.55,-111.03,America/Denver,-7
57482,33.9366,-116.5722,America/Los_Angeles,-8
57483,37.7965,-121.6049,America/Los_Angeles,-8
57515,34.0078,-117.9425,America/Los_Angeles,-8
57555,32.5739,-116.9178,America/Los_Angeles,-8
57564,36.72,-119.55,America/Los_Angeles,-8
57703,41.1229,-104.7214,America/Denver,-7
57794,41.6996,-86.4814,America/Indiana/Indianapolis,-5
57839,40.515,-74.3192,America/New_York,-5
57842,39.5326,-87.4262,America/Indiana/Indianapolis,-5
57865,33.8657,-101.8437,America/Chicago,-6
57881,48.2325,-103.9528,America/Chicago,-6
57943,47.7966,-103.5783,America/Chicago,-6
57978,38.088,-121.3867,America/Los_Angeles,-8
58001,31.0558,-97.3172,America/Chicago,-6
58005,33.5756,-96.6158,America/Chicago,-6
58054,44.4719,-71.1753,America/New_York,-5
58079,40.7082,-74.1284,America/New_York,-5
58122,35.7909,-119.2945,America/Los_Angeles,-8
58124,44.8878,-89.6298,America/Chicago,-6
58235,39.4245,-75.0201,America/New_York,-5
58236,42.04,-92.87,America/Chicago,-6
58260,36.7637,-77.7112,America/New_York,-5
58284,34.6178,-106.817,America/Denver,-7
58325,36.8138,-97.1252,America/Chicago,-6
58378,29.4753,-95.6341,America/Chicago,-6
58420,41.7674,-76.3899,America/New_York,-5
58426,41.8083,-76.8392,America/New_York,-5
58427,42.7197,-84.5518,America/Detroit,-5
58471,32.0694,-102.5856,America/Chicago,-6
58478,29.6913,-91.193,America/Chicago,-6
58503,45.699,-119.8131,America/Los_Angeles,-8
58562,31.8239,-106.2119,America/Denver,-7
59004,39.0578,-77.5425,America/New_York,-5
59073,38.387,-76.408,America/New_York,-5
59093,42.793,-86.0925,America/Detroit,-5
59220,39.7194,-76.1616,America/New_York,-5
59325,35.1986,-81.3604,America/New_York,-5
59326,39.4679,-84.3531,America/New_York,-5
59764,41.6679,-83.4437,America/New_York,-5
59773,40.6048,-81.0592,America/New_York,-5
59812,29.2888,-96.066,America/Chicago,-6
59906,41.1117,-76.16,America/New_York,-5
59913,36.7184,-77.6523,America/New_York,-5
59926,45.0624,-84.8261,America/Detroit,-5
60122,29.2878,-96.0656,America/Chicago,-6
60264,29.4922,-94.9844,America/Chicago,-6
60302,38.6955,-76.8278,America/New_York,-5
60340,31.5492,-84.1114,America/New_York,-5
60345,27.6342,-80.7911,America/New_York,-5
60357,41.4711,-75.5436,America/New_York,-5
60368,40.839,-76.8255,America/New_York,-5
60376,41.1489,-80.8516,America/New_York,-5
60459,28.648,-96.5457,America/Chicago,-6
60460,29.8833,-95.1113,America/Chicago,-6
60464,40.1764,-79.6934,America/New_York,-5
60468,29.6464,-95.4518,America/Chicago,-6
60903,42.5256,-70.8784,America/New_York,-5
63628,35.4147,-97.3734,America/Chicago,-6
70454,34.3387,-82.8207,America/New_York,-5
880004,38.8856,-77.0244,America/New_York,-5
880006,39.949,-75.1557,America/New_York,-5
880007,40.0067,-75.0686,America/New_York,-5
880016,40.6333,-74.2028,America/New_York,-5
880023,42.35,-71.0583,America/New_York,-5
880024,42.8158,-73.6728,America/New_York,-5
880025,39.8228,-75.4033,America/New_York,-5
880028,39.1756,-84.5022,America/New_York,-5
880029,42.165,-83.091,America/Toronto,-5
880030,41.6786,-83.4539,America/New_York,-5
880031,43.6025,-84.2404,America/Detroit,-5
880033,39.1792,-84.5053,America/New_York,-5
880038,38.375,-82.6042,America/New_York,-5
880039,39.8242,-84.1747,America/New_York,-5
880041,34.6339,-87.0244,America/Chicago,-6
880042,39.4968,-84.3901,America/New_York,-5
880043,42.1631,-73.9003,America/New_York,-5
880044,42.4833,-73.8167,America/New_York,-5
880045,42.2808,-83.7342,America/Detroit,-5
880049,40.4092,-76.1511,America/New_York,-5
880050,40.3439,-77.1628,America/New_York,-5
880052,43.3064,-73.6208,America/New_York,-5
880053,38.3845,-81.7764,America/New_York,-5
880055,35.9822,-84.2614,America/New_York,-5
880057,34.2337,-80.658,America/New_York,-5
880065,36.9461,-89.0792,America/Chicago,-6
880067,38.8375,-90.0675,America/Chicago,-6
880071,40.4319,-79.085,America/New_York,-5
880072,40.3086,-78.1389,America/New_York,-5
880074,34.605,-79.785,America/New_York,-5
880075,34.64,-87.0583,America/Chicago,-6
880076,41.6439,-88.0467,America/Chicago,-6
880078,34.387,-80.0663,America/New_York,-5
880079,35.7433,-84.3208,America/New_York,-5
880083,40.7234,-84.1133,America/New_York,-5
880086,40.555,-89.6628,America/Chicago,-6
880087,41.6552,-86.2962,America/Indiana/Indianapolis,-5
880088,39.0,-87.7222,America/Chicago,-6
880089,41.4417,-88.1728,America/Chicago,-6
880092,32.9701,-79.8905,America/New_York,-5
880093,37.1815,-77.1621,America/New_York,-5
880096,41.6914,-87.5475,America/Chicago,-6
880100,40.76,-73.75,America/New_York,-5
880101,34.838,-85.7865,America/Chicago,-6
880102,17.9477,-66.154,America/Puerto_Rico,-4
880107,39.8076,-75.4239,America/New_York,-5
880108,38.6552,-87.1814,America/Indiana/Vincennes,-5
